mean,std,variance,min,max,median,q25,q75,entropy,autocorr_lag1,hurst_exponent,sample_id,class_label,text_length,num_tokens
17866.326,126216.164,15930520000.0,1.0942323,1386034.4,27.441423,4.7621155,411.85165,0.16449137748373405,-0.00990569725453652,0.47887470008019517,0,human,113,145
51030.023,580524.7,337008920000.0,1.0000229,7062202.0,24.15963,4.148887,375.00217,0.040728056892164737,-0.007402668027691318,0.4992208028626796,1,human,103,147
3250.8374,12997.246,168928400.0,1.000183,106794.73,17.203209,4.098598,334.85327,0.42008157589057454,-0.04040291357927941,0.528988316115254,2,human,111,155
2592.7295,10411.266,108394450.0,1.0123008,83466.61,36.157337,5.5386076,607.6653,0.473496238547134,-0.04743789606003597,0.5194710623816137,3,human,123,167
30463.695,250357.2,62678730000.0,1.0315291,3165127.2,23.77835,5.045348,258.59805,0.15194989838908307,0.000893338178790301,0.4929973551620041,4,human,110,182
11723.77,71906.4,5170530000.0,1.0433928,686560.25,34.662037,7.5483136,306.17865,0.20090529775748825,-0.026309995090840973,0.577371708848092,5,human,116,149
29019.668,329338.38,108463760000.0,1.0035167,4139185.5,23.916359,3.9370232,341.73038,0.0385544812172338,-0.006946167338537615,0.49921088969316046,6,human,110,157
10700.251,118191.945,13969335000.0,1.0016453,1643157.0,20.478813,4.6379647,237.71268,0.06456374474778503,0.0028601362278947483,0.4991781273958207,7,human,121,194
9636.972,53414.75,2853135400.0,1.0011241,445861.6,16.256578,3.2851772,135.4512,0.283610198747973,-0.005016439407515511,0.5108206687250804,8,human,114,167
5644.6143,33248.582,1105468200.0,1.0122683,354069.47,45.436737,5.677308,465.66858,0.21426130580861777,0.214030652396399,0.5442454920895379,9,human,110,130
7774.9805,57552.17,3312252700.0,1.01192,731115.7,19.267866,4.8672895,304.2097,0.17021968789479122,0.010879390249210837,0.4956531886982103,10,human,140,172
21419.615,185339.06,34350565000.0,1.0043266,2201577.8,17.27126,3.408544,328.14386,0.09318885271727935,-0.00807504879532435,0.5120547018421314,11,human,170,203
5334.901,37940.695,1439496400.0,1.0221032,497405.0,25.366657,5.2787476,197.71567,0.12218348488320976,-0.0016868929628728272,0.4896662301394117,12,human,139,207
17808.07,160363.98,25716607000.0,1.0095962,1710915.4,19.634308,4.5030565,230.65987,0.06164017474084035,-0.0038204829466574617,0.5126753513466007,13,human,131,205
12617.164,84484.84,7137688600.0,1.0030197,878529.4,37.192726,4.9629207,272.65332,0.16643218135026405,-0.020960038672992953,0.516864535485173,14,human,163,222
7596.392,51713.99,2674336500.0,1.0000299,528061.3,8.81053,1.5547227,128.41815,0.20448558497511302,-0.019712025901916053,0.49200965646034767,15,human,138,218
1847.0702,9821.48,96461480.0,1.0276166,104872.055,37.71455,3.64673,236.57637,0.30322740151960165,-0.0182158844387018,0.5008896353100998,16,human,134,176
3476.284,20536.816,421760800.0,1.0010854,259526.42,15.086466,3.141263,175.54828,0.26781779135680545,-0.026252531177130254,0.4919484542211647,17,human,156,192
3546.5781,30138.89,908352800.0,1.0006078,393105.4,15.198805,3.7633,205.27425,0.14604015343504184,-0.009118142183543888,0.5005909018241184,18,human,136,172
4964.779,35811.152,1282438700.0,1.001055,498071.9,19.827732,3.426513,478.73288,0.19019951853492228,-0.017574341569059744,0.5020749009322012,19,human,158,208
5975.369,30405.754,924509900.0,1.0149097,302172.25,16.996567,3.6076548,249.32442,0.33365642549367225,-0.030939635743091432,0.46937159281892726,20,human,132,188
3806.903,32216.883,1037927550.0,1.0153222,417777.47,24.24035,4.2950487,142.01376,0.16063306507605626,-0.013195207451260411,0.4949170046292769,21,human,141,174
2812.2021,13472.614,181511330.0,1.0006217,155659.2,13.830883,2.7216098,270.51297,0.3941841961781028,-0.0318672686493532,0.5116700247601371,22,human,136,172
24614.262,263092.38,69217600000.0,1.0094639,3473405.5,31.38048,4.879079,322.97754,0.06907014334605746,-0.007945231277116716,0.5141946852933198,23,human,143,179
36360.977,352451.44,124222020000.0,1.00281,4483639.5,20.210508,3.7838326,394.43225,0.06907012856185511,-0.010653054955309268,0.4887114410255426,24,human,150,179
5566.4897,33919.527,1150534400.0,1.0000181,440369.72,12.618234,2.4224083,128.49518,0.2373796584154263,-0.02445791775359454,0.5750390368644995,25,human,169,255
2741.9353,14129.785,199650830.0,1.0003531,132935.31,12.257989,2.8811035,240.92773,0.33699426724198606,-0.032775611058471564,0.5118302060399316,26,human,141,189
2597.1375,13980.864,195464560.0,1.000042,124009.7,25.675377,3.9070017,213.47995,0.25883660851167956,0.08469896761142173,0.5741833729611099,27,human,143,180
62715.844,641638.75,411700300000.0,1.0010968,7836126.0,119.50146,11.309094,1103.1702,0.055538086440444556,-0.009467167741416248,0.48910675396172376,28,human,137,232
6694.686,46386.094,2151669800.0,1.0020187,584292.6,12.390037,2.9423797,105.42439,0.2001774306115019,-0.020054405747770194,0.48539798615504615,29,human,141,207
4025.1096,28179.127,794063200.0,1.0007019,345785.0,13.645378,2.8318834,208.82013,0.15021130344605965,-0.01356573429162202,0.5487449553540165,30,human,144,200
14479.842,117727.67,13859804000.0,1.000074,1379003.0,24.951298,3.5861406,467.05322,0.09851191636193485,-0.009068489823905004,0.46696684042181624,31,human,134,190
6597.5854,26971.576,727465900.0,1.0015934,210167.48,34.512623,5.48899,725.3729,0.5194294185395564,-0.04984053186604427,0.48672359274556465,32,human,131,167
3061.1904,19573.562,383124380.0,1.0060103,189653.16,11.270928,2.8929665,98.14789,0.2261714066206146,-0.018890604468722694,0.48471349229305777,33,human,141,197
14001.22,115212.375,13273892000.0,1.0008727,1464611.6,40.604156,5.960543,437.85883,0.09807391781580416,-0.014024038042697373,0.490974105479996,34,human,131,174
12502.058,160715.28,25829403000.0,1.0039315,2484519.2,19.939516,3.3807867,138.13344,0.053970491064446416,-0.005782452073025051,0.49869285811320485,35,human,165,240
3324.6047,21737.084,472500830.0,1.0017414,304187.22,17.649685,3.262356,338.61795,0.22126748558637385,0.004775508413094988,0.5731846790554911,36,human,157,222
9037.363,61127.246,3736540200.0,1.0434927,729341.94,27.39106,3.6945863,409.1768,0.2175870533791288,0.004775444754768019,0.535214346940102,37,human,135,153
8673.205,57831.66,3344500700.0,1.0201367,765506.6,52.42536,5.2012963,742.59106,0.22444337242582862,-0.01691438754673312,0.4800831616631441,38,human,163,212
15689.108,78165.28,6109811000.0,1.0004994,839514.7,23.314907,3.877246,962.09845,0.3491053409909597,-0.006280605547379424,0.5836998236022939,39,human,167,201
20005.443,269318.75,72532580000.0,1.0008444,4295202.5,16.597246,2.7395825,180.53761,0.05127319750774369,-0.0054824335888466625,0.49892770841920325,40,human,200,255
3094.146,14433.381,208322500.0,1.0020313,148260.61,24.055305,3.943902,215.94095,0.3640844082299699,0.10979268255540471,0.5890730956713539,41,human,173,255
5971.583,50758.06,2576380400.0,1.0036716,637670.94,17.284607,2.7947516,214.87074,0.08709242354075089,-0.00829351603020048,0.4756390113838388,42,human,182,220
13813.809,177542.42,31521313000.0,1.001517,2805878.0,27.430824,4.1397343,607.15295,0.05213957730113596,-0.002606242646179989,0.4990213258561055,43,human,184,250
8145.784,57150.816,3266215700.0,1.0025796,681950.0,11.413837,2.2213182,149.69868,0.15517687874953817,-0.011763604878431018,0.5178139803542298,44,human,204,252
178502.3,2664336.2,7098688000000.0,1.0019175,42625476.0,34.265617,4.6732826,470.59076,0.025644291646351722,-0.0038571653290573114,0.4995792946382108,45,human,238,255
41846.953,600537.5,360645300000.0,1.0003077,9607553.0,33.373684,4.7709064,207.08466,0.02564429618900385,-0.00413923671061697,0.4995457343337453,46,human,226,255
3286.7197,16843.574,283706020.0,1.0012394,191306.22,15.16189,3.5159633,152.22163,0.32059865752508887,-0.03454573228849598,0.5121276645819952,47,human,232,255
4851.398,36328.113,1319731700.0,1.0013555,549019.9,15.275746,3.6936212,110.08056,0.1976191461810589,-0.0170967074623237,0.48845663526977195,48,human,208,255
4399.3804,40598.168,1648211300.0,1.0001545,618237.56,19.379028,3.5124173,201.82922,0.11514172716304094,-0.00783430637220923,0.49014243820472536,49,human,204,255
7175.1226,65540.56,4295565300.0,1.000092,822195.0,29.420689,4.6362658,392.82715,0.11432850883790963,-0.011690682799887664,0.5026681097503105,50,ai_gen0,124,159
4722.7476,36817.92,1355559400.0,1.0000243,471210.78,14.231539,2.0667546,381.56958,0.1372711807256333,0.030775671346429632,0.5038265749586709,51,ai_gen0,124,168
6215.666,43014.402,1850238800.0,1.0006094,508790.9,81.35768,7.2360287,539.4899,0.1895125985622181,-0.007467046429772861,0.4899555466837256,52,ai_gen0,123,151
11126.128,73126.2,5347441000.0,1.0010535,791633.56,16.574505,3.3168237,300.7342,0.20090527110697287,-0.023104448185194488,0.5235203593943094,53,ai_gen0,121,149
3768.453,16235.54,263592750.0,1.0018831,142423.45,29.168308,4.0421796,265.12283,0.40992670311444496,-0.04637962976316992,0.5592899854202531,54,ai_gen0,125,146
5006.679,35662.523,1271815600.0,1.0021095,411504.06,36.721207,3.4195783,275.62125,0.18747247364757222,-0.00968812965752949,0.4948749706145147,55,ai_gen0,123,153
23224.078,210600.17,44352434000.0,1.0027485,2596597.5,47.54238,4.6630583,656.8657,0.11741199857734311,-0.01213589371794278,0.49692972371295047,56,ai_gen0,130,154
3705.9302,24542.592,602338800.0,1.0002431,289195.34,23.424866,3.845323,431.90363,0.15817384620546326,-0.01774620875060768,0.49774820625689614,57,ai_gen0,129,152
2793.7466,12411.202,154037940.0,1.0012027,124928.22,26.519493,2.822495,251.14052,0.4151826050136891,-0.036621521801241265,0.5181970815483113,58,ai_gen0,128,162
1624.3164,7292.345,53178296.0,1.0096897,60884.57,15.720785,3.7524238,429.69952,0.4838420332240374,-0.03251095504589458,0.553778314446968,59,ai_gen0,114,140
1181.3359,4893.4946,23946290.0,1.0002868,56977.992,11.702852,2.7816596,265.01895,0.4477218711856111,-0.02350200243005766,0.5055152883998243,60,ai_gen0,146,184
3255.7036,23873.947,569965400.0,1.0001651,260439.83,16.679329,3.346761,394.99945,0.13365412536384452,-0.01418930471493319,0.46400001086232784,61,ai_gen0,155,186
1443.1881,9270.621,85944410.0,1.0011162,112892.734,21.85127,2.5213954,283.59604,0.1825741739781272,0.14863050838275008,0.5256642222277345,62,ai_gen0,133,158
1024.0863,4265.427,18193864.0,1.0024209,39653.12,21.606773,3.0473876,150.81879,0.39967360325436063,-0.0522092946741467,0.5883307858065199,63,ai_gen0,149,175
2500.6104,10896.402,118731576.0,1.0023967,91642.95,18.341917,3.1605918,451.54443,0.42058956201347897,-0.023474328064441666,0.5179754890675422,64,ai_gen0,147,189
3278.4993,26700.512,712917300.0,1.0009636,346561.16,23.889078,4.261714,287.3128,0.161392548189453,0.008146374911184391,0.49833607895967336,65,ai_gen0,146,173
13581.6045,152553.47,23272560000.0,1.0015545,2008924.8,15.1165695,2.5791693,150.32689,0.07106921690106029,0.00037847021282523893,0.5024951443247689,66,ai_gen0,141,173
1450.9232,6142.4023,37729104.0,1.0036485,49410.703,16.320232,3.003746,213.67923,0.4033937680782032,-0.04300537664152179,0.5020662045352987,67,ai_gen0,141,164
2318.8647,14000.489,196013710.0,1.000406,171030.92,19.04768,3.4492118,192.57272,0.24234026854878227,-0.023623591054854214,0.5141929157179015,68,ai_gen0,151,188
16162.003,139766.14,19534576000.0,1.0036799,1829336.9,26.979626,3.8311296,896.0281,0.13210136633560213,0.04756486799527289,0.5108619307584331,69,ai_gen0,143,176
12843.567,147539.83,21768000000.0,1.0001038,2008924.8,14.021032,2.307773,162.20609,0.06718842412480477,0.0006760799747680165,0.4993200665453951,70,ai_gen0,156,185
731.83606,2706.163,7323319.0,1.0066179,21657.201,17.501822,2.839631,239.45027,0.5507270425739146,-0.02812118335334317,0.5308291246177812,71,ai_gen0,133,160
1464.5569,7127.714,50804308.0,1.0011184,86670.28,28.625048,4.6438494,380.70184,0.3489192983524163,-0.010458466688660618,0.5229498758539024,72,ai_gen0,143,166
3985.8716,21943.262,481506720.0,1.0000454,244505.45,36.25458,5.264243,890.79175,0.2802725922744298,-0.02689225386619173,0.49088049961015706,73,ai_gen0,137,182
10348.748,72574.37,5267039000.0,1.00235,917889.8,28.913107,3.871912,927.2761,0.19979661667164464,-0.01923887890750624,0.5054820433887246,74,ai_gen0,142,175
34482.035,436451.72,190490120000.0,1.000214,5823859.0,13.491548,3.4127488,222.51828,0.03487750216730569,-0.006250962394930734,0.499425676392362,75,ai_gen0,145,177
1096.8661,3875.4653,15019231.0,1.0000638,29825.178,15.311277,2.6116204,249.77887,0.6070259617741632,-0.07238068144660684,0.492194397352861,76,ai_gen0,150,186
738.512,2780.982,7733861.0,1.0004512,23857.275,17.777304,3.3881793,186.10718,0.4549798162140024,-0.06061303383971222,0.5186797385314853,77,ai_gen0,146,166
5649.0034,37249.49,1387524500.0,1.0019243,420586.2,12.747307,2.9991868,250.54459,0.18935573038220552,-0.018364838565440772,0.5422714151532222,78,ai_gen0,135,160
1521.7051,6895.8735,47553070.0,1.0003108,65324.53,14.967978,1.9412794,171.78638,0.3652372001424816,0.09815400502988075,0.5160227940455174,79,ai_gen0,141,173
2068.748,11900.384,141619140.0,1.0000134,148629.25,18.873173,3.782614,389.90045,0.2965949251915413,-0.0040495011123546296,0.4945764617813537,80,ai_gen0,140,167
1877.3804,12075.867,145826580.0,1.003972,145941.44,12.195051,2.66523,203.6436,0.2561411661885456,-0.020801788535461847,0.5170596180373797,81,ai_gen0,132,153
3270.3542,15592.477,243125330.0,1.0011916,144962.12,46.3657,2.9558816,465.07248,0.34843987758026335,-0.03593164388733911,0.5470940702588503,82,ai_gen0,135,160
2529.56,15068.355,227055330.0,1.0000745,162062.61,13.331951,2.379576,143.82932,0.24128927050401558,-0.024596057329252047,0.4939578790924237,83,ai_gen0,146,172
14457.902,152035.73,23114867000.0,1.0001699,2008924.8,9.535479,2.3966584,104.06444,0.10503258026566327,-0.0008689173294897207,0.49801818231419837,84,ai_gen0,149,176
1706.8853,8064.5317,65036670.0,1.0015258,69421.18,17.139124,4.146508,243.25272,0.3541088012159056,-0.04071931516926948,0.4570910507374943,85,ai_gen0,148,170
2968.1626,12548.444,157463460.0,1.0036778,104756.195,15.709152,2.5394142,242.23784,0.39884786824030344,0.04276399189022855,0.4302753084448001,86,ai_gen0,143,178
1507.4703,9047.132,81850600.0,1.0005649,115077.305,15.058095,2.275206,151.7688,0.2412591877363625,-0.01946020510826417,0.4905633503760146,87,ai_gen0,159,196
879.4089,3270.315,10694960.0,1.000894,31815.781,22.045322,3.170067,239.33426,0.45209579684908674,-0.041939624066205695,0.47978385911880556,88,ai_gen0,135,156
3149.5508,15869.37,251836910.0,1.007668,174230.14,26.619598,3.4523685,564.5575,0.25262832118834705,-0.03566026507537763,0.5672080715279797,89,ai_gen0,143,192
5564.978,50295.67,2529654800.0,1.0008816,689424.25,18.871387,2.9914756,299.82312,0.1136634536467822,-0.012050553731104315,0.4876499293179002,90,ai_gen0,172,211
3845.6272,19729.223,389242240.0,1.0044124,203185.22,21.43191,3.5541806,197.4869,0.35313187884726194,-0.03669509701290709,0.5466274409998146,91,ai_gen0,172,200
1098.7516,5078.111,25787208.0,1.0000527,50148.383,16.218685,2.9665174,185.92822,0.3664863795956568,-0.041103185412928074,0.43926726827213064,92,ai_gen0,172,214
5066.433,27767.164,771015360.0,1.0015931,309241.3,29.253178,3.642181,572.997,0.303232685384949,0.004701575425753192,0.4588079546167042,93,ai_gen0,172,210
1507.3011,6725.5303,45232760.0,1.0002038,83679.016,13.692427,2.3108642,235.21008,0.36906094852105137,-0.028296856288906203,0.4827084555086554,94,ai_gen0,184,234
2408.5393,10269.617,105465040.0,1.0000798,101877.23,19.329367,3.356955,378.50232,0.3944018683647372,0.010505305109528207,0.5609811026063233,95,ai_gen0,181,215
15885.358,164462.95,27048060000.0,1.0002496,1986448.0,37.704082,4.8068194,444.64944,0.04119500929227769,-0.004127392913276629,0.4989997515014677,96,ai_mimic,121,145
1880.8284,9746.391,94992136.0,1.0563577,114907.55,34.829266,5.565779,249.56088,0.31223317950967866,-0.026236862341289156,0.501953632137857,97,ai_mimic,128,161
7048.774,49529.805,2453201700.0,1.0000395,529472.25,26.683048,3.2648664,435.17004,0.1547314002127588,-0.018003935342979564,0.4712615514421993,98,ai_mimic,127,178
3997.7764,17017.725,289602940.0,1.0408033,152940.64,32.219673,5.0365615,1084.9814,0.45545622775528416,-0.04741374078227394,0.5081137970066645,99,ai_mimic,114,142
6835.797,45798.812,2097531400.0,1.0090382,539569.25,47.556885,4.6657524,397.05676,0.1937405031488081,-0.02121939760862432,0.5140117928484141,100,ai_mimic,121,147
4424.6865,24685.408,609369400.0,1.0095713,233792.73,48.811554,6.5761595,533.8669,0.2643559128064137,-0.019730783524048272,0.4930754667498812,101,ai_mimic,129,154
9250.539,46364.508,2149667600.0,1.0015161,502169.88,41.9191,4.015918,666.8494,0.3603256371936134,-0.031602026649657514,0.48197332734390674,102,ai_mimic,119,155
4318.6206,24754.68,612794200.0,1.0203122,263454.78,32.87432,3.2696092,560.44116,0.26024616964559333,-0.02867725476184186,0.5151406440120081,103,ai_mimic,115,148
4432.9463,20565.557,422942100.0,1.0048023,182983.5,41.122017,4.5754185,445.85538,0.39733007809725196,-0.044983821064871164,0.5956008474578722,104,ai_mimic,125,153
13427.012,96560.25,9323882000.0,1.0016712,1159687.6,66.67398,4.57653,806.72064,0.1809158894960717,-0.013124201106872398,0.5191102840579847,105,ai_mimic,130,169
8648.411,69409.38,4817662500.0,1.0003517,901323.4,19.25957,3.4639075,405.94678,0.15689127163294372,-0.015511231947403155,0.4945413854008272,106,ai_mimic,133,175
5759.083,27930.521,780114000.0,1.0008578,257517.81,31.05772,3.9418647,382.05246,0.33319670077272046,-0.03298075435198347,0.5506156370747952,107,ai_mimic,135,176
18166.105,200544.11,40217940000.0,1.0003444,2983254.8,45.089344,4.5337043,1138.1779,0.057423075150714625,0.032820582429148884,0.5043829751307081,108,ai_mimic,166,223
3720.3093,23106.08,533890900.0,1.0363202,282430.44,30.451206,4.5263596,332.67236,0.2551926391627096,-0.024820334827984774,0.5318550362298536,109,ai_mimic,136,174
2662.014,15069.541,227091070.0,1.0020686,166046.53,15.590393,3.0206482,316.52252,0.2138318404907247,-0.011062059392179484,0.5141264219415286,110,ai_mimic,142,172
8684.616,63456.223,4026692000.0,1.0053881,757598.3,41.020172,5.254197,574.13544,0.1455229763324204,-0.014200892794451359,0.48171170039096045,111,ai_mimic,133,168
6513.944,34187.934,1168814700.0,1.0002267,371424.16,20.748444,3.1647642,206.59662,0.31977660197135466,-0.03400304569432584,0.49216082856553844,112,ai_mimic,156,196
14609.67,123268.65,15195160000.0,1.0010017,1645622.2,33.312164,4.0937953,1045.6318,0.15344312650537012,-0.01285760521791426,0.49522956017239494,113,ai_mimic,136,184
2278.7388,10235.864,104772920.0,1.0005372,94822.65,20.59335,4.1863036,402.1497,0.3671407622707164,-0.035830299421849614,0.5145107703782569,114,ai_mimic,158,199
10703.019,84017.27,7058902500.0,1.0004984,1049470.4,34.481346,3.8410578,438.0207,0.1308738905591623,-0.014982808031904167,0.5065561988013013,115,ai_mimic,153,178
31639.271,423284.22,179169530000.0,1.0013704,6191648.5,40.022278,3.8917432,808.49243,0.029854173300320634,-0.004538909988083214,0.49946721897332313,116,ai_mimic,149,213
4318.4937,24720.154,611086000.0,1.0001509,239752.52,22.042633,3.1333468,445.54675,0.24031634580122757,-0.022652924003933813,0.5231121149002689,117,ai_mimic,170,212
12581.79,108720.49,11820146000.0,1.0176831,1366193.1,45.145927,4.9659176,599.047,0.16622967736143812,-0.0114227345617869,0.5007279087494748,118,ai_mimic,132,163
41276.67,491227.7,241304630000.0,1.0021169,6404431.0,31.088253,4.986084,523.9311,0.03625404900740772,-0.006103906600882982,0.49996099014865336,119,ai_mimic,139,169
8881.406,72534.52,5261256700.0,1.0095186,922922.94,37.10063,4.388054,415.87274,0.09597587314899197,-0.007083165859848254,0.5169601134063672,120,ai_mimic,149,196
2013.6997,5792.3604,33551436.0,1.0185273,48616.883,51.42715,5.4412007,1125.1578,0.7193762894442944,-0.08447904220450657,0.4560962643593533,121,ai_mimic,132,161
10140.617,65699.86,4316472000.0,1.0042564,682623.44,54.644447,4.702611,457.35696,0.1945892149124227,-0.021528251687412497,0.538095142828799,122,ai_mimic,134,184
8891.211,75486.12,5698154000.0,1.0103387,1066421.2,26.136333,4.7770696,567.51227,0.12071472117036589,-0.002693411892995869,0.49367673974653503,123,ai_mimic,160,210
35523.543,291910.94,85211990000.0,1.0001684,3299115.0,23.394459,5.456892,915.8467,0.11198447233679214,-0.012184254253140472,0.5488895597727362,124,ai_mimic,131,163
1732.6127,9663.843,93389864.0,1.0006775,104202.11,30.194952,4.6109524,198.19955,0.21085370161858996,0.06342256500260052,0.527221818451943,125,ai_mimic,139,167
8266.683,87045.234,7576873500.0,1.0009308,1227163.5,16.581306,3.135792,359.4436,0.06215038042171733,-0.00808629371666992,0.5055075767160869,126,ai_mimic,166,203
76644.61,759506.4,576849900000.0,1.0032413,9305426.0,35.57668,4.525353,619.16656,0.07546793353588599,-0.009780770442268199,0.49148098751269964,127,ai_mimic,134,161
1757.1067,7314.0903,53495916.0,1.0003425,73087.62,28.560905,5.066698,225.55496,0.4448013061378035,-0.03999241923932864,0.4607069801984264,128,ai_mimic,160,211
3929.1423,25942.21,672998340.0,1.0024276,326458.56,18.950989,4.0619144,311.68008,0.1854278839234865,-0.0170459488092016,0.5186479439476748,129,ai_mimic,161,195
23366.434,241089.19,58123997000.0,1.0068083,3329378.5,27.013664,5.0275993,305.99756,0.061894117266304574,-0.008958073101691048,0.4923414587365683,130,ai_mimic,170,204
4105.691,24493.611,599936960.0,1.0002584,303150.75,34.521286,5.422825,584.7484,0.21779258348435218,-0.025033679045211296,0.49391817325588866,131,ai_mimic,157,184
2894.631,10203.175,104104780.0,1.0007873,84828.25,20.46102,3.1902308,554.658,0.5487114834277684,-0.028239738565240247,0.5667229931540948,132,ai_mimic,150,177
51506.26,730113.44,533065600000.0,1.000347,10806102.0,30.079449,2.9425294,497.6793,0.02927614031747148,-0.004663249967489241,0.499561880168596,133,ai_mimic,158,218
7161.763,59148.105,3498498600.0,1.0014507,764906.0,27.587585,4.7128696,372.4381,0.0993896881518103,-0.014421824678042924,0.4890352766401411,134,ai_mimic,157,188
41756.51,519055.1,269418180000.0,1.0022223,6984426.5,38.169407,3.8954062,996.3098,0.034389878162590086,-0.006265685471805207,0.49941329875527785,135,ai_mimic,145,180
16334.764,213611.38,45629817000.0,1.0381867,3160512.2,33.715107,5.7034245,389.92017,0.02927614719156735,-0.005486798727476003,0.49942461611939615,136,ai_mimic,177,218
13009.882,69517.984,4832750600.0,1.0010892,867699.06,56.007946,4.691197,800.94,0.2867499277153472,-0.02821367393689099,0.4951859219731849,137,ai_mimic,173,212
1716.597,7456.222,55595250.0,1.000902,77946.26,19.180752,3.3742402,431.16904,0.40423975624925185,-0.0457281681165916,0.5257455653593548,138,ai_mimic,181,219
6079.111,72732.48,5290013000.0,1.0016855,1083676.8,22.982136,3.4819334,447.74515,0.02894072718876846,-0.006835211795247027,0.4993738628783065,139,ai_mimic,179,221
72242.33,966083.75,933317840000.0,1.0061997,14387861.0,25.713505,4.718374,525.0736,0.057641074676245505,-0.005601939145210579,0.4989851633538653,140,ai_mimic,179,222
5121.5786,38295.33,1466532100.0,1.0008292,466528.72,16.000717,3.8261418,246.4981,0.16144317152404272,-0.01735664113466741,0.46303701619980764,141,ai_mimic,175,216
4824.354,33256.195,1105974700.0,1.0010688,436124.7,22.78569,3.514069,551.08905,0.19850219573338787,-0.01752881596781991,0.4708502349620154,142,ai_mimic,177,231
17923.088,186367.89,34732990000.0,1.0080519,2722378.8,34.03162,4.1904407,566.73206,0.0867603567178253,-0.008191069990347235,0.5145028721867521,143,ai_mimic,172,221
76922.875,1085589.5,1178504700000.0,1.1489844,15845314.0,40.956055,4.1425133,600.7622,0.029972743140530556,-0.004666994376426451,0.49955029371575244,144,ai_mimic,173,212
79872.5,1087936.4,1183605600000.0,1.0006757,16063590.0,32.308746,3.6549973,362.81973,0.02938979682635602,-0.005294429311146109,0.4995054051906996,145,ai_mimic,175,217
