generation,best_fitness,best_human_prob,avg_fitness,worst_fitness,best_text,best_predicted_class
1,0.15069523,0.00069522706,0.13536516,0.051469833,"The November fog clung to the cobblestones of a quiet Mayfair mews, seeping into the study where Lord Harrington lay. Detective Inspector Davies surveyed the scene, a grim tableau of impossible contradictions. The room was immaculate; not a book was out of place on the towering shelves, not a speck of dust disturbed on the mahogany desk. Harrington himself was slumped in his wingback chair, a single, perfect crimson rose placed delicately in his hand. There was no sign of forced entry, no weapon, and the coroner's initial report found no discernible cause of death. It was as if the man had simply willed himself to expire. But it was the window that held Davies’s gaze. Locked from the inside, its glass was etched with a complex, swirling frost pattern, despite the mild autumn air outside. A beautiful, chilling signature left by a ghost.",AI
2,0.15103473,0.0010347225,0.14070268,0.10095842,"A November miasma enshrouded the setts of a sequestered Mayfair mews, insinuating itself into the library wherein Lord Harrington reposed. Detective Inspector Davies apprehended the scene, a macabre tableau of irreconcilable facts. The chamber was pristine; not a single tome was disarranged upon the towering shelves, no mote of dust unsettled on the mahogany desk. Harrington himself was ensconced in his wingback chair, a solitary, flawless damask rose tenderly situated in his hand. There was no evidence of violation, no weapon, and the coroner’s inquest could find no appreciable cause for his demise. It was as if the man had willed his own quietus. Yet it was the window that arrested Davies’s scrutiny: secured from within, its glass was limned with an intricate, whorled filigree of rime, belying the temperate autumnal clime—an exquisite, frigid sigil inscribed by some phantom.",AI
3,0.17463091,0.024630915,0.14342484,0.10051929,"A November effluvium suffused the cloistered setts of a Mayfair mews, permeating the very library wherein Lord Harrington reposed. Detective Inspector Davies perused the scene, a macabre tableau of incongruous particulars. The chamber was immaculate; not a single tome was disturbed upon its towering shelves, no mote of dust unsettled on the mahogany. Harrington himself was ensconced in his wingback, a solitary damask rose delicately clasped in his hand. No sign of struggle was evident, and the coroner’s inquest could adduce no discernible cause for his demise. It was as if the man had willed his own quietus. Yet the window commanded Davies’s scrutiny: secured from within, its glass was limned with an intricate filigree of rime, a frigid artifice belying the clement autumnal clime—an exquisite sigil inscribed by some spectral hand.",AI
4,0.17463091,0.024630915,0.1464959,0.101329036,"A November effluvium suffused the cloistered setts of a Mayfair mews, permeating the very library wherein Lord Harrington reposed. Detective Inspector Davies perused the scene, a macabre tableau of incongruous particulars. The chamber was immaculate; not a single tome was disturbed upon its towering shelves, no mote of dust unsettled on the mahogany. Harrington himself was ensconced in his wingback, a solitary damask rose delicately clasped in his hand. No sign of struggle was evident, and the coroner’s inquest could adduce no discernible cause for his demise. It was as if the man had willed his own quietus. Yet the window commanded Davies’s scrutiny: secured from within, its glass was limned with an intricate filigree of rime, a frigid artifice belying the clement autumnal clime—an exquisite sigil inscribed by some spectral hand.",AI
5,0.23367588,0.08367588,0.17520803,0.15072177,"The November miasma pursued me from the mews, an insidious dampness vanquished by the sepulchral chill of Lord Harrington's study. I am no stranger to morbid spectacles, yet this one promised to etch itself upon my memory. All within was pristine: the unmarred desk, the man himself possessed of a placid mien in his wingback chair, a sanguine rose clasped in his hand. The coroner confessed his bewilderment—no violent ingress, no perceptible agent of demise. It was as if the man had willed his own cessation. My eye, however, was arrested by the casement window. Bolted from within, its glass was inscribed with a tracery of rime, a filigree of such preternatural complexity it resembled a maker’s mark. A sublime, glacial signature; I harbored the disquieting conviction its artisan had but lately taken leave.",AI
6,0.5534773,0.40347728,0.22274074,0.15167645,"Even now, the stillness of Lord Harrington’s library is what I remember most. Outside, the damp rot of November was seeping into the Mayfair mews, but inside was a portrait of impossible peace. Harrington sits forever in his wingback, delicately holding a single damask rose. The coroner’s report will later state no struggle, no cause—useless then, useless now.

My eyes, however, always return to the window. Bolted from within, its glass was etched with an intricate filigree of frost, a chilling signature on a mild autumn day. A ghost had left its calling card, and I was the man sent to interview it.",AI
7,0.5534773,0.40347728,0.24042909,0.100508854,"Even now, the stillness of Lord Harrington’s library is what I remember most. Outside, the damp rot of November was seeping into the Mayfair mews, but inside was a portrait of impossible peace. Harrington sits forever in his wingback, delicately holding a single damask rose. The coroner’s report will later state no struggle, no cause—useless then, useless now.

My eyes, however, always return to the window. Bolted from within, its glass was etched with an intricate filigree of frost, a chilling signature on a mild autumn day. A ghost had left its calling card, and I was the man sent to interview it.",AI
8,1.1402031,0.99020314,0.41260114,0.15365335,"The November miasma which pursued me from the mews was at length vanquished by the sepulchral chill of Lord Harrington’s study. Though I am not unacquainted with morbid spectacles, I apprehended at once that this particular scene was destined to be etched upon my memory. All within was of a pristine order: the desk unmarred, the man himself reposing with a placid mien, a sanguine rose yet clasped in his hand. The coroner professed his bewilderment, for there was neither violent ingress nor any perceptible agent of demise; it was as though the gentleman had willed his own cessation. My eye, however, was arrested by the casement window, bolted securely from within. Upon its glass was a tracery of rime, a filigree of such preternatural complexity it resembled a maker’s mark—a sublime, glacial signature, whose artisan I harbored the conviction had but lately taken his leave.",Human
