text,fitness,human_prob,ai_prob,predicted_class,word_count
"Dr. Aris and her team deployed a sophisticated sensor array along the perimeter of the exclusion zone, intent on quantifying the anomalous electromagnetic fluctuations reported by locals. The investigation demanded rigorous adherence to the scientific method to rule out environmental hallucinations or instrument error. As the sun dipped below the horizon, the gravimeters registered a sudden, impossible drop in local mass, coinciding with the manifestation of a silent, oscillating luminescence above the treeline. The light did not scatter like standard photons; instead, it moved with the viscosity of a fluid. While the cameras captured high-definition footage, the spectrometers returned data that defied the known periodic table. The team worked in hushed urgency, logging terabytes of readings before the phenomenon dissipated into the ether. Back in the laboratory, the empirical evidence suggested a breach in standard physics, leaving the researchers with a dataset that was as undeniable as it was inexplicable.",0.059281148,0.009281149,0.9907189,AI,150
"Detective Miller leaned over the scarred oak desk, the hum of the overhead fluorescent light the only sound in the empty precinct. Spread before him was a chaotic mosaic of violence: grainy crime scene photos, a jagged shard of stained glass, and a crumpled receipt from a diner on 4th Street. He picked up the receipt with tweezers, his eyes narrowing as he noticed the faint, rusty smear on the back—dried blood, not ketchup. Shifting his gaze to the corkboard, he traced the taut red thread connecting the victim’s timeline to the mysterious caller. The pieces were jagged, but they were finally beginning to lock together. The scent of stale coffee and old paper filled the air as he realized the muddy boot print wasn't a mistake; it was a signature. A grim smile touched his lips; the ghost he was chasing had finally left a shadow.",0.05408009,0.0040800907,0.99591994,AI,147
"The iron gates of Blackwood Cemetery groaned against the wind, guarding secrets that refused to stay buried. In the far corner, beneath the twisting boughs of a weeping willow, the earth had been violently churned. The grave of Silas Vane, usually cloaked in undisturbed moss, now gaped open like a jagged wound in the soil. Clumps of wet clay were scattered haphazardly across the surrounding headstones, staining the weathered marble with dark streaks. At the bottom of the pit, the rot-resistant oak of the coffin lay exposed, the lid splintered and skewed askew. It was clearly not the work of a scavenging animal; the shovel marks slicing through the roots were too precise and too desperate. A heavy silence hung over the scene, suggesting that whatever had been taken from the earth was never meant to see the moonlight again.",0.050450537,0.00045053713,0.99954945,AI,140
"The salt spray stung my eyes as the *Gilded Osprey* sliced through the turquoise waters, her canvas sails snapping violently against the trade winds. High above, the rigging hummed a chaotic melody, a siren song calling us further into the unknown. I gripped the weathered helm, knuckles white, fighting the ocean’s rhythmic heave as we chased the vanishing horizon. Every creak of the timber hull whispered stories of past voyages, but today was about the raw thrill of the present. Ahead, dark storm clouds gathered like bruised plums, promising a battle with the elements that every sailor secretly craves. We were no longer just traversing the sea; we were part of its wild, untamed breathing. As the first heavy drop of rain hit the deck, I felt truly alive, knowing that real adventure only begins where the safety of the shore ends.",0.050317056,0.0003170548,0.999683,AI,142
"The humid jungle air hung heavy as we hacked through the vines, the ancient, yellowed map crumbling in my sweat-slicked hands. Every shadow seemed to hide a trap, and every rustle of leaves whispered warnings of those who came before and never returned. We had been searching for weeks, driven by the intoxicating legend of the Sunken King’s gold. My heart hammered against my ribs when the moss-covered stone archway finally broke through the dense canopy. By then, it wasn't just about the wealth; it was the thrill of the chase and the magnetic pull of a secret kept for centuries. With shaking hands, I raised the lantern, its beam cutting through the gloom to reveal a faint, metallic glint in the dirt. The silence was deafening, amplified by the realization that history was about to be rewritten by the strike of a single shovel.",0.050314263,0.00031426325,0.99968576,AI,145
"The fog clung to the cobblestones of Whitechapel like a living shroud, obscuring the grim reality that lay beneath the flickering gaslight. Inspector Thorne stood over the body, perplexed not by the violence, but by the absolute lack of it. The victim, a gentleman in pristine evening wear, lay perfectly composed, his eyes wide open and staring at the smog-choked sky. There was no blood and no weapon, only the faint, sickly-sweet scent of crushed lilies lingering in the damp air. Beside the man’s cold hand rested an antique pocket watch, its glass face shattered and the hands frozen impossibly at thirteen o’clock. Far off, the mournful toll of Big Ben struck midnight, deepening the unnatural silence of the alley. It was not a robbery; it was a message, written in a language the city had forgotten how to speak.",0.050202265,0.00020226497,0.99979776,AI,140
"The mansion loomed against the bruised midnight sky like a jagged scar on the landscape, its spires clawing at the pale, full moon. Ancient ivy strangled the crumbling stone facade, weaving through the shattered stained-glass windows that stared out like unblinking, dead eyes. A heavy silence draped over the grounds, broken only by the mournful wind whistling through the wrought-iron gates and the distant, hollow chime of a grandfather clock striking twelve. Gargoyles perched upon the eaves, their stone faces twisted in eternal screams, watching the skeletal shadows lengthen across the overgrown courtyard. The air tasted of damp earth and decay, thick with the weight of forgotten secrets. Within the cavernous halls, dust motes danced in shafts of moonlight, settling on velvet drapes that hadn't moved in a century, waiting for a master who would never return.",0.05011937,0.00011936991,0.9998807,AI,137
"For seven generations, the Vane lineage has withered under the shadow of the Salt-Blight, a scourge born when our ancestor stole the Sea-Witch’s pearl. It is not a death that comes swiftly, but a slow erosion of the mind. Every firstborn is born with pale, watery eyes and a thirst that fresh water cannot quench. As we age, the phantom sound of crashing waves fills our ears, drowning out the voices of those we love until madness drives us to the cliffs. The family estates, once grand, now crumble into the ocean, mirroring the inevitable decay within our blood. Tonight, as the tide rises, I feel the familiar pull in my marrow, a cold reminder that debts to the deep are always paid. There is no running from a legacy written in salt and sorrow; the sea always reclaims its own.",0.050045963,4.5963432e-05,0.999954,AI,141
"Human morality is defined by a profound duality, existing as a perpetual tension between our basest instincts and our highest ideals. On one hand, we possess an innate capacity for selfishness, aggression, and cruelty—remnants of a primal evolutionary drive for individual survival. Yet, paradoxically, we are equally capable of breathtaking altruism, empathy, and self-sacrifice, often disregarding our own safety for the well-being of strangers. This internal conflict suggests that humanity is neither inherently good nor evil, but rather a complex potentiality waiting to be shaped by choice. We are the architects of our own ethical landscapes, constantly navigating the space between the shadow and the light. Ultimately, it is this struggle—the conscious decision to suppress the savage and cultivate the saint—that truly defines the human experience.",0.050045207,4.520735e-05,0.9999548,AI,126
"Local folklore serves as the shadowed undercurrent of a community’s history, weaving the mundane with the mystical to explain the unexplainable. In rural hamlets and sprawling cities alike, whispered tales of the supernatural linger like morning mist, bridging the gap between the present and the past. These stories, often passed down through generations by firelight, speak of restless spirits guarding ancient ruins, trickster fae dwelling within hollow trees, or cryptids stalking the perimeter of the woods. More than mere entertainment, these legends act as cultural anchors, preserving the fears and values of ancestors while enchanting the landscape with a sense of wonder. Whether it is a warning about a dark river or a promise of hidden gold, folklore transforms a simple map into a tapestry of magic, reminding us that the world remains far stranger and more ancient than it appears.",0.05004201,4.2008298e-05,0.99995804,AI,141
